source_id,username,email,createdAt
h:317540555,Sevil,sevil.h:317540555@example.com,2025-12-12T22:55:19.840229
h:68718914,Patricio,patricio.h:68718914@example.com,2025-12-12T22:55:19.840229
h:317770098,Xuan,xuan.h:317770098@example.com,2025-12-12T22:55:19.840229
h:17211451,Jamila,jamila.h:17211451@example.com,2025-12-12T22:55:19.840229
h:4765305,Haffro,haffro.h:4765305@example.com,2025-12-12T22:55:19.840229
h:295370107,Dr. Tania,dr-tania.h:295370107@example.com,2025-12-12T22:55:19.840229
h:288485926,Ashley,ashley.h:288485926@example.com,2025-12-12T22:55:19.840229
h:14890430,Evy,evy.h:14890430@example.com,2025-12-12T22:55:19.840229
h:7728754,Malika,malika.h:7728754@example.com,2025-12-12T22:55:19.840229
h:2845,Jennifer,jennifer.h:2845@example.com,2025-12-12T22:55:19.840229
h:15991,Allen,allen.h:15991@example.com,2025-12-12T22:55:19.840229
h:16104,Kahshanna,kahshanna.h:16104@example.com,2025-12-12T22:55:19.840229
h:16800,Cynthia,cynthia.h:16800@example.com,2025-12-12T22:55:19.840229
h:17297,Joelle,joelle.h:17297@example.com,2025-12-12T22:55:19.840229
h:17571,Jane,jane.h:17571@example.com,2025-12-12T22:55:19.840229
h:302101015,Robby,robby.h:302101015@example.com,2025-12-12T22:55:19.840229
h:44369272,Meejee,meejee.h:44369272@example.com,2025-12-12T22:55:19.840229
h:36793116,Mighty Tree Properties,mighty-tree-properties.h:36793116@example.com,2025-12-12T22:55:19.840229
h:318094946,Nela,nela.h:318094946@example.com,2025-12-12T22:55:19.840229
h:55607877,Brian,brian.h:55607877@example.com,2025-12-12T22:55:19.840229
h:219517861,Sonder NYC,sonder-nyc.h:219517861@example.com,2025-12-12T22:55:19.840229
h:318184283,Grace,grace.h:318184283@example.com,2025-12-12T22:55:19.840229
h:318194430,Taya,taya.h:318194430@example.com,2025-12-12T22:55:19.840229
h:318199288,Cristian,cristian.h:318199288@example.com,2025-12-12T22:55:19.840229
h:143127602,Fritz,fritz.h:143127602@example.com,2025-12-12T22:55:19.840229
h:21207,Chaya,chaya.h:21207@example.com,2025-12-12T22:55:19.840229
h:25183,Nathalie,nathalie.h:25183@example.com,2025-12-12T22:55:19.840229
h:30193,Tommi Laurelle,tommi-laurelle.h:30193@example.com,2025-12-12T22:55:19.840229
h:35935,Angela,angela.h:35935@example.com,2025-12-12T22:55:19.840229
h:45445,Harriet,harriet.h:45445@example.com,2025-12-12T22:55:19.840229
h:46978,Edward,edward.h:46978@example.com,2025-12-12T22:55:19.840229
h:50124,Orestes,orestes.h:50124@example.com,2025-12-12T22:55:19.840229
h:50148,Adreinne,adreinne.h:50148@example.com,2025-12-12T22:55:19.840229
h:56246,Jeanne,jeanne.h:56246@example.com,2025-12-12T22:55:19.840229
h:60049,Ted,ted.h:60049@example.com,2025-12-12T22:55:19.840229
h:30301198,Ngone,ngone.h:30301198@example.com,2025-12-12T22:55:19.840229
h:23772724,The Local Stay,the-local-stay.h:23772724@example.com,2025-12-12T22:55:19.840229
h:318425752,Yadira,yadira.h:318425752@example.com,2025-12-12T22:55:19.840229
h:109853394,Sonia,sonia.h:109853394@example.com,2025-12-12T22:55:19.840229
h:318440309,荷西(3),he-xi-3.h:318440309@example.com,2025-12-12T22:55:19.840229
h:318453838,Taner,taner.h:318453838@example.com,2025-12-12T22:55:19.840229
h:60278,Petra,petra.h:60278@example.com,2025-12-12T22:55:19.840229
h:63613,Patricia,patricia.h:63613@example.com,2025-12-12T22:55:19.840229
h:64442,Reka,reka.h:64442@example.com,2025-12-12T22:55:19.840229
h:4396,Casey,casey.h:4396@example.com,2025-12-12T22:55:19.840229
h:65837,Robin,robin.h:65837@example.com,2025-12-12T22:55:19.840229
h:66035,Anna,anna.h:66035@example.com,2025-12-12T22:55:19.840229
h:69942,Victoria,victoria.h:69942@example.com,2025-12-12T22:55:19.840229
h:71876,DAVID And RICK,david-and-rick.h:71876@example.com,2025-12-12T22:55:19.840229
h:70857,Fabian,fabian.h:70857@example.com,2025-12-12T22:55:19.840229
h:20411840,Nick,nick.h:20411840@example.com,2025-12-12T22:55:19.840229
h:318182596,Gabriele,gabriele.h:318182596@example.com,2025-12-12T22:55:19.840229
h:316886271,Julie,julie.h:316886271@example.com,2025-12-12T22:55:19.840229
h:283430433,A.V.,a-v.h:283430433@example.com,2025-12-12T22:55:19.840229
h:318515549,Doctor,doctor.h:318515549@example.com,2025-12-12T22:55:19.840229
h:73164,Alexis,alexis.h:73164@example.com,2025-12-12T22:55:19.840229
h:74857,Starlee,starlee.h:74857@example.com,2025-12-12T22:55:19.840229
h:79402,Christiana,christiana.h:79402@example.com,2025-12-12T22:55:19.840229
h:42032,Dana,dana.h:42032@example.com,2025-12-12T22:55:19.840229
h:82685,Elliott,elliott.h:82685@example.com,2025-12-12T22:55:19.840229
h:83257,Olan,olan.h:83257@example.com,2025-12-12T22:55:19.840229
h:11481,Annette,annette.h:11481@example.com,2025-12-12T22:55:19.840229
h:92411,Karen,karen.h:92411@example.com,2025-12-12T22:55:19.840229
h:97797,Brandon,brandon.h:97797@example.com,2025-12-12T22:55:19.840229
h:1423098,Shamim,shamim.h:1423098@example.com,2025-12-12T22:55:19.840229
h:261682551,Leonardo,leonardo.h:261682551@example.com,2025-12-12T22:55:19.840229
h:61391963,Darren,darren.h:61391963@example.com,2025-12-12T22:55:19.840229
h:256161,Wayne,wayne.h:256161@example.com,2025-12-12T22:55:19.840229
h:249372,Cynthia,cynthia.h:249372@example.com,2025-12-12T22:55:19.840229
h:292630,Mich,mich.h:292630@example.com,2025-12-12T22:55:19.840229
h:105538,Erik,erik.h:105538@example.com,2025-12-12T22:55:19.840229
h:42273,Dani,dani.h:42273@example.com,2025-12-12T22:55:19.840229
h:120223,Jen,jen.h:120223@example.com,2025-12-12T22:55:19.840229
h:124352,Lisa,lisa.h:124352@example.com,2025-12-12T22:55:19.840229
h:127608,Christopher,christopher.h:127608@example.com,2025-12-12T22:55:19.840229
h:117287,Lara Nicole,lara-nicole.h:117287@example.com,2025-12-12T22:55:19.840229
h:135619,Tom,tom.h:135619@example.com,2025-12-12T22:55:19.840229
h:137292,Sunder,sunder.h:137292@example.com,2025-12-12T22:55:19.840229
h:137814,Waldemar,waldemar.h:137814@example.com,2025-12-12T22:55:19.840229
h:293394,Rachel,rachel.h:293394@example.com,2025-12-12T22:55:19.840229
h:297176,Bethania,bethania.h:297176@example.com,2025-12-12T22:55:19.840229
h:306739,Maya,maya.h:306739@example.com,2025-12-12T22:55:19.840229
h:310670,Violet,violet.h:310670@example.com,2025-12-12T22:55:19.840229
h:116599,Sahr,sahr.h:116599@example.com,2025-12-12T22:55:19.840229
h:143027,Ming,ming.h:143027@example.com,2025-12-12T22:55:19.840229
h:157798,Irene,irene.h:157798@example.com,2025-12-12T22:55:19.840229
h:165789,Sarah,sarah.h:165789@example.com,2025-12-12T22:55:19.840229
h:166532,Matthew,matthew.h:166532@example.com,2025-12-12T22:55:19.840229
h:168525,Gustavo,gustavo.h:168525@example.com,2025-12-12T22:55:19.840229
h:110506,Myung,myung.h:110506@example.com,2025-12-12T22:55:19.840229
h:170510,Renée,renee.h:170510@example.com,2025-12-12T22:55:19.840229
h:146944,David,david.h:146944@example.com,2025-12-12T22:55:19.840229
h:314256,Debbie,debbie.h:314256@example.com,2025-12-12T22:55:19.840229
h:314582,Anthony,anthony.h:314582@example.com,2025-12-12T22:55:19.840229
h:320761,Valerie,valerie.h:320761@example.com,2025-12-12T22:55:19.840229
h:320538,Larissa,larissa.h:320538@example.com,2025-12-12T22:55:19.840229
h:322884,Melissa,melissa.h:322884@example.com,2025-12-12T22:55:19.840229
h:324460,Samir,samir.h:324460@example.com,2025-12-12T22:55:19.840229
h:329436,Jana,jana.h:329436@example.com,2025-12-12T22:55:19.840229
h:184755,Koray,koray.h:184755@example.com,2025-12-12T22:55:19.840229
h:181376,Carol,carol.h:181376@example.com,2025-12-12T22:55:19.840229
h:202249,Campbell,campbell.h:202249@example.com,2025-12-12T22:55:19.840229
h:204539,Mark,mark.h:204539@example.com,2025-12-12T22:55:19.840229
h:204586,L,l.h:204586@example.com,2025-12-12T22:55:19.840229
h:867225,Rahul,rahul.h:867225@example.com,2025-12-12T22:55:19.840229
h:8198,Monica,monica.h:8198@example.com,2025-12-12T22:55:19.840229
h:210746,Kathleen R,kathleen-r.h:210746@example.com,2025-12-12T22:55:19.840229
h:236421,Jessica,jessica.h:236421@example.com,2025-12-12T22:55:19.840229
h:330347,Adrienne,adrienne.h:330347@example.com,2025-12-12T22:55:19.840229
h:67730,Boris,boris.h:67730@example.com,2025-12-12T22:55:19.840229
h:342054,Violetta,violetta.h:342054@example.com,2025-12-12T22:55:19.840229
h:281229,Alicia,alicia.h:281229@example.com,2025-12-12T22:55:19.840229
h:365153,Ben,ben.h:365153@example.com,2025-12-12T22:55:19.840229
h:373085,Hudson,hudson.h:373085@example.com,2025-12-12T22:55:19.840229
r:50679,Jean,jean.r:50679@example.com,2025-12-12T22:55:19.840229
r:53267,Cate,cate.r:53267@example.com,2025-12-12T22:55:19.840229
r:117113,Alicia,alicia.r:117113@example.com,2025-12-12T22:55:19.840229
r:1783688,Sergey,sergey.r:1783688@example.com,2025-12-12T22:55:19.840229
r:1870771,Loïc,loic.r:1870771@example.com,2025-12-12T22:55:19.840229
r:2124102,Melanie,melanie.r:2124102@example.com,2025-12-12T22:55:19.840229
r:496053,Eric,eric.r:496053@example.com,2025-12-12T22:55:19.840229
r:13685934,Gerald,gerald.r:13685934@example.com,2025-12-12T22:55:19.840229
r:10781357,Richard,richard.r:10781357@example.com,2025-12-12T22:55:19.840229
r:4212558,Carson,carson.r:4212558@example.com,2025-12-12T22:55:19.840229
r:13460520,Michael,michael.r:13460520@example.com,2025-12-12T22:55:19.840229
r:16584002,Kitty,kitty.r:16584002@example.com,2025-12-12T22:55:19.840229
r:27436102,Kellie,kellie.r:27436102@example.com,2025-12-12T22:55:19.840229
r:6429364,Sonya,sonya.r:6429364@example.com,2025-12-12T22:55:19.840229
r:12146524,Michiel,michiel.r:12146524@example.com,2025-12-12T22:55:19.840229
r:12885233,Lin,lin.r:12885233@example.com,2025-12-12T22:55:19.840229
r:18636130,Alex,alex.r:18636130@example.com,2025-12-12T22:55:19.840229
r:16512817,Gary,gary.r:16512817@example.com,2025-12-12T22:55:19.840229
r:134977148,Cory,cory.r:134977148@example.com,2025-12-12T22:55:19.840229
r:81450805,Marina,marina.r:81450805@example.com,2025-12-12T22:55:19.840229
r:11918986,Rouel,rouel.r:11918986@example.com,2025-12-12T22:55:19.840229
r:28067322,Yannick,yannick.r:28067322@example.com,2025-12-12T22:55:19.840229
r:18840128,Nisha,nisha.r:18840128@example.com,2025-12-12T22:55:19.840229
r:2888785,Claudia,claudia.r:2888785@example.com,2025-12-12T22:55:19.840229
r:2548115,W. Gavin,w-gavin.r:2548115@example.com,2025-12-12T22:55:19.840229
r:110636080,Alonso,alonso.r:110636080@example.com,2025-12-12T22:55:19.840229
r:66056138,Blake,blake.r:66056138@example.com,2025-12-12T22:55:19.840229
r:128182033,Natalie,natalie.r:128182033@example.com,2025-12-12T22:55:19.840229
r:11496712,Peter,peter.r:11496712@example.com,2025-12-12T22:55:19.840229
r:76998885,Laura,laura.r:76998885@example.com,2025-12-12T22:55:19.840229
r:115721479,Sara,sara.r:115721479@example.com,2025-12-12T22:55:19.840229
r:51923495,Fabiola,fabiola.r:51923495@example.com,2025-12-12T22:55:19.840229
r:203936538,Lucia,lucia.r:203936538@example.com,2025-12-12T22:55:19.840229
r:174975601,Julie,julie.r:174975601@example.com,2025-12-12T22:55:19.840229
r:56872516,Robin,robin.r:56872516@example.com,2025-12-12T22:55:19.840229
r:121426385,Brady,brady.r:121426385@example.com,2025-12-12T22:55:19.840229
r:22065057,Liliana,liliana.r:22065057@example.com,2025-12-12T22:55:19.840229
r:30834468,Marty,marty.r:30834468@example.com,2025-12-12T22:55:19.840229
r:92312766,Alli,alli.r:92312766@example.com,2025-12-12T22:55:19.840229
r:126136892,Adam,adam.r:126136892@example.com,2025-12-12T22:55:19.840229
r:165354250,Jacob,jacob.r:165354250@example.com,2025-12-12T22:55:19.840229
r:168460710,Christopher,christopher.r:168460710@example.com,2025-12-12T22:55:19.840229
r:119626931,Alex,alex.r:119626931@example.com,2025-12-12T22:55:19.840229
r:60181725,Andrew,andrew.r:60181725@example.com,2025-12-12T22:55:19.840229
r:33952280,Laura,laura.r:33952280@example.com,2025-12-12T22:55:19.840229
r:61580757,Elise,elise.r:61580757@example.com,2025-12-12T22:55:19.840229
r:61404619,Raine,raine.r:61404619@example.com,2025-12-12T22:55:19.840229
r:18003,Ken,ken.r:18003@example.com,2025-12-12T22:55:19.840229
r:18432,Alice,alice.r:18432@example.com,2025-12-12T22:55:19.840229
r:8646,Mike,mike.r:8646@example.com,2025-12-12T22:55:19.840229
r:17311,Megan,megan.r:17311@example.com,2025-12-12T22:55:19.840229
r:22786,Jeff,jeff.r:22786@example.com,2025-12-12T22:55:19.840229
r:22455,Celeste,celeste.r:22455@example.com,2025-12-12T22:55:19.840229
r:26517,Manya,manya.r:26517@example.com,2025-12-12T22:55:19.840229
r:30985,Eyal,eyal.r:30985@example.com,2025-12-12T22:55:19.840229
r:46832,Stephane,stephane.r:46832@example.com,2025-12-12T22:55:19.840229
r:45986,Oscar,oscar.r:45986@example.com,2025-12-12T22:55:19.840229
r:43258,Tara,tara.r:43258@example.com,2025-12-12T22:55:19.840229
r:46014,Simon,simon.r:46014@example.com,2025-12-12T22:55:19.840229
r:5472,Avery,avery.r:5472@example.com,2025-12-12T22:55:19.840229
r:41864,Nathan-Linda,nathan-linda.r:41864@example.com,2025-12-12T22:55:19.840229
r:52696,Sterling,sterling.r:52696@example.com,2025-12-12T22:55:19.840229
r:58244,Jackie And Vlad,jackie-and-vlad.r:58244@example.com,2025-12-12T22:55:19.840229
r:24501,Maria,maria.r:24501@example.com,2025-12-12T22:55:19.840229
r:636921,Marie-Claude,marie-claude.r:636921@example.com,2025-12-12T22:55:19.840229
r:51163,Sunny,sunny.r:51163@example.com,2025-12-12T22:55:19.840229
r:82342,Carlo,carlo.r:82342@example.com,2025-12-12T22:55:19.840229
r:79909,Christian,christian.r:79909@example.com,2025-12-12T22:55:19.840229
r:85066,Greg,greg.r:85066@example.com,2025-12-12T22:55:19.840229
r:73976,Nicky,nicky.r:73976@example.com,2025-12-12T22:55:19.840229
r:87401,Goran,goran.r:87401@example.com,2025-12-12T22:55:19.840229
r:117637,Christian,christian.r:117637@example.com,2025-12-12T22:55:19.840229
r:67557,Pete,pete.r:67557@example.com,2025-12-12T22:55:19.840229
r:157580,Kamal Rizwan,kamal-rizwan.r:157580@example.com,2025-12-12T22:55:19.840229
r:126621,Caroline & Jean,caroline-jean.r:126621@example.com,2025-12-12T22:55:19.840229
r:178662,Eric,eric.r:178662@example.com,2025-12-12T22:55:19.840229
r:233233,Noldus,noldus.r:233233@example.com,2025-12-12T22:55:19.840229
r:254068,Thomas,thomas.r:254068@example.com,2025-12-12T22:55:19.840229
r:230942,Benjamin,benjamin.r:230942@example.com,2025-12-12T22:55:19.840229
r:186665,Laura,laura.r:186665@example.com,2025-12-12T22:55:19.840229
r:339872,Eva Laura,eva-laura.r:339872@example.com,2025-12-12T22:55:19.840229
r:326842,Lesley,lesley.r:326842@example.com,2025-12-12T22:55:19.840229
r:176501,Andrew,andrew.r:176501@example.com,2025-12-12T22:55:19.840229
r:334659,Dan,dan.r:334659@example.com,2025-12-12T22:55:19.840229
r:403674,Sara,sara.r:403674@example.com,2025-12-12T22:55:19.840229
r:415067,Klaus,klaus.r:415067@example.com,2025-12-12T22:55:19.840229
r:401454,Jens,jens.r:401454@example.com,2025-12-12T22:55:19.840229
r:433888,Isabel,isabel.r:433888@example.com,2025-12-12T22:55:19.840229
r:396445,Benjamin,benjamin.r:396445@example.com,2025-12-12T22:55:19.840229
r:438708,Boele,boele.r:438708@example.com,2025-12-12T22:55:19.840229
r:449698,Trey,trey.r:449698@example.com,2025-12-12T22:55:19.840229
r:349394,Marie,marie.r:349394@example.com,2025-12-12T22:55:19.840229
r:44462,Lydia & Jacques,lydia-jacques.r:44462@example.com,2025-12-12T22:55:19.840229
r:24256,Rachel,rachel.r:24256@example.com,2025-12-12T22:55:19.840229
r:65178,Jeanine,jeanine.r:65178@example.com,2025-12-12T22:55:19.840229
r:119449,Tiffany,tiffany.r:119449@example.com,2025-12-12T22:55:19.840229
r:142027,Grace,grace.r:142027@example.com,2025-12-12T22:55:19.840229
r:176515,Yvonne,yvonne.r:176515@example.com,2025-12-12T22:55:19.840229
r:231210,Kevin,kevin.r:231210@example.com,2025-12-12T22:55:19.840229
r:234088,Tash,tash.r:234088@example.com,2025-12-12T22:55:19.840229
r:535321,Carol,carol.r:535321@example.com,2025-12-12T22:55:19.840229
r:278240,Reid,reid.r:278240@example.com,2025-12-12T22:55:19.840229
r:19967,Tea,tea.r:19967@example.com,2025-12-12T22:55:19.840229
r:3575142,Loes,loes.r:3575142@example.com,2025-12-12T22:55:19.840229
r:5471074,Emma,emma.r:5471074@example.com,2025-12-12T22:55:19.840229
r:2773722,Nick,nick.r:2773722@example.com,2025-12-12T22:55:19.840229
r:1645731,Mikael,mikael.r:1645731@example.com,2025-12-12T22:55:19.840229
r:344028,Jorge,jorge.r:344028@example.com,2025-12-12T22:55:19.840229
r:4354542,Nathan,nathan.r:4354542@example.com,2025-12-12T22:55:19.840229
r:8855690,Anna,anna.r:8855690@example.com,2025-12-12T22:55:19.840229
r:456678,Larry,larry.r:456678@example.com,2025-12-12T22:55:19.840229
r:415978,Raphaëlle,raphaelle.r:415978@example.com,2025-12-12T22:55:19.840229
r:672671,Jane,jane.r:672671@example.com,2025-12-12T22:55:19.840229
r:663515,Angelo,angelo.r:663515@example.com,2025-12-12T22:55:19.840229
r:662938,Alexandre,alexandre.r:662938@example.com,2025-12-12T22:55:19.840229
r:647469,Luca,luca.r:647469@example.com,2025-12-12T22:55:19.840229
r:844958,Mahala,mahala.r:844958@example.com,2025-12-12T22:55:19.840229
r:598316,Don'T Book,don-t-book.r:598316@example.com,2025-12-12T22:55:19.840229
r:850712,Rob,rob.r:850712@example.com,2025-12-12T22:55:19.840229
r:1014805,Sven,sven.r:1014805@example.com,2025-12-12T22:55:19.840229
h:265109,Nazleen,nazleen.h:265109@example.com,2025-12-12T22:55:19.840229
h:394752,Allison,allison.h:394752@example.com,2025-12-12T22:55:19.840229
h:401696,Patricia,patricia.h:401696@example.com,2025-12-12T22:55:19.840229
h:244071,Litza,litza.h:244071@example.com,2025-12-12T22:55:19.840229
h:253385,Douglas,douglas.h:253385@example.com,2025-12-12T22:55:19.840229
h:27848,Jullett,jullett.h:27848@example.com,2025-12-12T22:55:19.840229
h:258164,Jenny,jenny.h:258164@example.com,2025-12-12T22:55:19.840229
h:401921,Noemi,noemi.h:401921@example.com,2025-12-12T22:55:19.840229
h:417504,The Box House Hotel,the-box-house-hotel.h:417504@example.com,2025-12-12T22:55:19.840229
h:425506,Bliss,bliss.h:425506@example.com,2025-12-12T22:55:19.840229
h:264928,Sally,sally.h:264928@example.com,2025-12-12T22:55:19.840229
h:272006,Vasili,vasili.h:272006@example.com,2025-12-12T22:55:19.840229
h:199392,S.M.,s-m.h:199392@example.com,2025-12-12T22:55:19.840229
h:274557,Ana,ana.h:274557@example.com,2025-12-12T22:55:19.840229
h:276291,Christopher,christopher.h:276291@example.com,2025-12-12T22:55:19.840229
h:277379,Agnes,agnes.h:277379@example.com,2025-12-12T22:55:19.840229
